{
	"skins": {
		"eui.Button": "resource/eui_skins/ButtonSkin.exml",
		"eui.CheckBox": "resource/eui_skins/CheckBoxSkin.exml",
		"eui.HScrollBar": "resource/eui_skins/HScrollBarSkin.exml",
		"eui.HSlider": "resource/eui_skins/HSliderSkin.exml",
		"eui.Panel": "resource/eui_skins/PanelSkin.exml",
		"eui.TextInput": "resource/eui_skins/TextInputSkin.exml",
		"eui.ProgressBar": "resource/eui_skins/ProgressBarSkin.exml",
		"eui.RadioButton": "resource/eui_skins/RadioButtonSkin.exml",
		"eui.Scroller": "resource/eui_skins/ScrollerSkin.exml",
		"eui.ToggleSwitch": "resource/eui_skins/ToggleSwitchSkin.exml",
		"eui.VScrollBar": "resource/eui_skins/VScrollBarSkin.exml",
		"eui.VSlider": "resource/eui_skins/VSliderSkin.exml",
		"eui.ItemRenderer": "resource/eui_skins/ItemRendererSkin.exml",
		"MainScene": "resource/skins/MainScene.exml",
		"DepotScene": "resource/skins/DepotScene.exml",
		"GoodScene": "resource/skins/GoodScene.exml",
		"insubway": "resource/skins/insubway.exml",
		"InsubwayScene": "resource/skins/InsubwayScene.exml"
	},
	"autoGenerateExmlsList": true,
	"exmls": [
		"resource/eui_skins/ButtonSkin.exml",
		"resource/eui_skins/CheckBoxSkin.exml",
		"resource/eui_skins/HScrollBarSkin.exml",
		"resource/eui_skins/HSliderSkin.exml",
		"resource/eui_skins/ItemRendererSkin.exml",
		"resource/eui_skins/PanelSkin.exml",
		"resource/eui_skins/ProgressBarSkin.exml",
		"resource/eui_skins/RadioButtonSkin.exml",
		"resource/eui_skins/ScrollerSkin.exml",
		"resource/eui_skins/TextInputSkin.exml",
		"resource/eui_skins/ToggleSwitchSkin.exml",
		"resource/eui_skins/VScrollBarSkin.exml",
		"resource/eui_skins/VSliderSkin.exml",
		"resource/skins/skins_item/Air.exml",
		"resource/skins/skins_item/Running.exml",
		"resource/skins/skins_item/All.exml",
		"resource/skins/skins_item/button_return.exml",
		"resource/skins/skins_item/Scr_skin.exml",
		"resource/skins/skins_item/Tip_skin.exml",
		"resource/skins/skins_item/queding_qch.exml",
		"resource/skins/skins_item/queding_zpx.exml",
		"resource/skins/skins_item/quxiao_qch.exml",
		"resource/skins/skins_item/quxiao_zpx.exml",
		"resource/skins/DepotScene.exml",
		"resource/skins/skins_item/subway_qch.exml",
		"resource/skins/skins_item/card_qch.exml",
		"resource/skins/GoodScene.exml",
		"resource/skins/skins_item/apple.exml",
		"resource/skins/skins_item/banana.exml",
		"resource/skins/skins_item/yilaguan.exml",
		"resource/skins/skins_item/zhi.exml",
		"resource/skins/InsubwayScene.exml",
		"resource/skins/skins_item/mbtnMessage.exml",
		"resource/skins/skins_item/mbtnFriends.exml",
		"resource/skins/skins_item/mbtnLock.exml",
		"resource/skins/skins_item/mbtnAbout.exml",
		"resource/skins/skins_item/mbtntask.exml",
		"resource/skins/skins_item/mbtnstage.exml",
		"resource/skins/skins_item/mbtnfactory.exml",
		"resource/skins/skins_item/mbtnStrategy.exml",
		"resource/skins/skins_item/mbtnInsubway.exml",
		"resource/skins/MainScene.exml",
		"resource/skins/skins_item/button_cancel.exml",
		"resource/skins/skins_item/button_enter.exml",
		"resource/skins/skins_item/button_run.exml",
		"resource/skins/skins_item/button_shuxing.exml",
		"resource/skins/skins_item/card_list.exml",
		"resource/skins/skins_item/chilun.exml",
		"resource/skins/skins_item/ditanliangs.exml",
		"resource/skins/skins_item/item_all.exml",
		"resource/skins/skins_item/list_item.exml",
		"resource/skins/skins_item/subway_list.exml"
	],
	"path": "resource/default.thm.json"
}