{
	"groups": [
		{
			"keys": "checkbox_select_disabled_png,checkbox_select_down_png,checkbox_select_up_png,checkbox_unselect_png,selected_png,border_png,header_png,radiobutton_select_disabled_png,radiobutton_select_down_png,radiobutton_select_up_png,radiobutton_unselect_png,roundthumb_png,thumb_png,track_png,tracklight_png,handle_png,off_png,on_png,button_down_png,button_up_png,thumb_pb_png,track_pb_png,track_sb_png,bg_jpg,egret_icon_png,description_json,trainNull_png,trainFriends_png,train4Blue_png,train3Blue_png,train0Blue_png,subKu_p_png,stateYellow_png,stateGreen_png,stateGray_png,railwaytrack_png,btnRun_png,btnIn_png,btnDetail_png,train2Red_png,train2Blue_png,train1Yellow_png,train1Blue_png,touxiang_jpg,storageBg_jpg,imgMessageBox_png,imgBuffTime3_png,imgBuffTime2_png,imgBuffTime1_png,imgBuffProtect3_png,imgBuffProtect2_png,imgBuffProtect1_png,imgBuffHarvest3_png,imgBuffHarvest2_png,imgBuffHarvest_png,imgBrands_png,frameWood_png,btnYes_png,btnUpMupai_png,btnDownMupai_png,btnDelete_png,btnCancel_png,btnBack_png,imgBrand_png,homeTrainImg_png,homeTrain1Img_jpg,homeBg_png,homeBg_jpg,yellowBg_png,redBg_png,greenBg_png,green2Bg_png,btnStrategy_png,btnSign_png,btnMessage_png,btnLock_png,btnFriends_png,btnAbout_png,blueBg_png,about-bg_png,background_png,bubbleGreen_png,iconChilun2_png,return_png,timg_jpg,apple_png,banana_png,yilaguan_png,zhi_png",
			"name": "preload"
		},
		{
			"keys": "toast-bg_png,loadingBg3_jpg,loadingBg2_jpg,loadingBg_png,loading2_png,iconChilun_png",
			"name": "loading"
		}
	],
	"resources": [
		{
			"url": "assets/CheckBox/checkbox_select_disabled.png",
			"type": "image",
			"name": "checkbox_select_disabled_png"
		},
		{
			"url": "assets/CheckBox/checkbox_select_down.png",
			"type": "image",
			"name": "checkbox_select_down_png"
		},
		{
			"url": "assets/CheckBox/checkbox_select_up.png",
			"type": "image",
			"name": "checkbox_select_up_png"
		},
		{
			"url": "assets/CheckBox/checkbox_unselect.png",
			"type": "image",
			"name": "checkbox_unselect_png"
		},
		{
			"url": "assets/ItemRenderer/selected.png",
			"type": "image",
			"name": "selected_png"
		},
		{
			"url": "assets/Panel/border.png",
			"type": "image",
			"name": "border_png"
		},
		{
			"url": "assets/Panel/header.png",
			"type": "image",
			"name": "header_png"
		},
		{
			"url": "assets/RadioButton/radiobutton_select_disabled.png",
			"type": "image",
			"name": "radiobutton_select_disabled_png"
		},
		{
			"url": "assets/RadioButton/radiobutton_select_down.png",
			"type": "image",
			"name": "radiobutton_select_down_png"
		},
		{
			"url": "assets/RadioButton/radiobutton_select_up.png",
			"type": "image",
			"name": "radiobutton_select_up_png"
		},
		{
			"url": "assets/RadioButton/radiobutton_unselect.png",
			"type": "image",
			"name": "radiobutton_unselect_png"
		},
		{
			"url": "assets/ScrollBar/roundthumb.png",
			"type": "image",
			"name": "roundthumb_png"
		},
		{
			"url": "assets/Slider/thumb.png",
			"type": "image",
			"name": "thumb_png"
		},
		{
			"url": "assets/Slider/track.png",
			"type": "image",
			"name": "track_png"
		},
		{
			"url": "assets/Slider/tracklight.png",
			"type": "image",
			"name": "tracklight_png"
		},
		{
			"url": "assets/ToggleSwitch/handle.png",
			"type": "image",
			"name": "handle_png"
		},
		{
			"url": "assets/ToggleSwitch/off.png",
			"type": "image",
			"name": "off_png"
		},
		{
			"url": "assets/ToggleSwitch/on.png",
			"type": "image",
			"name": "on_png"
		},
		{
			"url": "assets/Button/button_down.png",
			"type": "image",
			"name": "button_down_png"
		},
		{
			"url": "assets/Button/button_up.png",
			"type": "image",
			"name": "button_up_png"
		},
		{
			"url": "assets/ProgressBar/thumb_pb.png",
			"type": "image",
			"name": "thumb_pb_png"
		},
		{
			"url": "assets/ProgressBar/track_pb.png",
			"type": "image",
			"name": "track_pb_png"
		},
		{
			"url": "assets/ScrollBar/track_sb.png",
			"type": "image",
			"name": "track_sb_png"
		},
		{
			"url": "assets/bg.jpg",
			"type": "image",
			"name": "bg_jpg"
		},
		{
			"url": "assets/egret_icon.png",
			"type": "image",
			"name": "egret_icon_png"
		},
		{
			"url": "config/description.json",
			"type": "json",
			"name": "description_json"
		},
		{
			"url": "art/depot/btnDetail.png",
			"type": "image",
			"name": "btnDetail_png"
		},
		{
			"url": "art/depot/btnIn.png",
			"type": "image",
			"name": "btnIn_png"
		},
		{
			"url": "art/depot/btnRun.png",
			"type": "image",
			"name": "btnRun_png"
		},
		{
			"url": "art/depot/railwaytrack.png",
			"type": "image",
			"name": "railwaytrack_png"
		},
		{
			"url": "art/depot/stateGray.png",
			"type": "image",
			"name": "stateGray_png"
		},
		{
			"url": "art/depot/stateGreen.png",
			"type": "image",
			"name": "stateGreen_png"
		},
		{
			"url": "art/depot/stateYellow.png",
			"type": "image",
			"name": "stateYellow_png"
		},
		{
			"url": "art/depot/subKu_p.png",
			"type": "image",
			"name": "subKu_p_png"
		},
		{
			"url": "art/depot/train0Blue.png",
			"type": "image",
			"name": "train0Blue_png"
		},
		{
			"url": "art/depot/train3Blue.png",
			"type": "image",
			"name": "train3Blue_png"
		},
		{
			"url": "art/depot/train4Blue.png",
			"type": "image",
			"name": "train4Blue_png"
		},
		{
			"url": "art/depot/trainFriends.png",
			"type": "image",
			"name": "trainFriends_png"
		},
		{
			"url": "art/depot/trainNull.png",
			"type": "image",
			"name": "trainNull_png"
		},
		{
			"url": "art/goods/btnBack.png",
			"type": "image",
			"name": "btnBack_png"
		},
		{
			"url": "art/goods/btnCancel.png",
			"type": "image",
			"name": "btnCancel_png"
		},
		{
			"url": "art/goods/btnDelete.png",
			"type": "image",
			"name": "btnDelete_png"
		},
		{
			"url": "art/goods/btnDownMupai.png",
			"type": "image",
			"name": "btnDownMupai_png"
		},
		{
			"url": "art/goods/btnUpMupai.png",
			"type": "image",
			"name": "btnUpMupai_png"
		},
		{
			"url": "art/goods/btnYes.png",
			"type": "image",
			"name": "btnYes_png"
		},
		{
			"url": "art/goods/frameWood.png",
			"type": "image",
			"name": "frameWood_png"
		},
		{
			"url": "art/goods/imgBrands.png",
			"type": "image",
			"name": "imgBrands_png"
		},
		{
			"url": "art/goods/imgBuffHarvest.png",
			"type": "image",
			"name": "imgBuffHarvest_png"
		},
		{
			"url": "art/goods/imgBuffHarvest2.png",
			"type": "image",
			"name": "imgBuffHarvest2_png"
		},
		{
			"url": "art/goods/imgBuffHarvest3.png",
			"type": "image",
			"name": "imgBuffHarvest3_png"
		},
		{
			"url": "art/goods/imgBuffProtect1.png",
			"type": "image",
			"name": "imgBuffProtect1_png"
		},
		{
			"url": "art/goods/imgBuffProtect2.png",
			"type": "image",
			"name": "imgBuffProtect2_png"
		},
		{
			"url": "art/goods/imgBuffProtect3.png",
			"type": "image",
			"name": "imgBuffProtect3_png"
		},
		{
			"url": "art/goods/imgBuffTime1.png",
			"type": "image",
			"name": "imgBuffTime1_png"
		},
		{
			"url": "art/goods/imgBuffTime2.png",
			"type": "image",
			"name": "imgBuffTime2_png"
		},
		{
			"url": "art/goods/imgBuffTime3.png",
			"type": "image",
			"name": "imgBuffTime3_png"
		},
		{
			"url": "art/goods/imgMessageBox.png",
			"type": "image",
			"name": "imgMessageBox_png"
		},
		{
			"url": "art/goods/storageBg.jpg",
			"type": "image",
			"name": "storageBg_jpg"
		},
		{
			"url": "art/goods/touxiang.jpg",
			"type": "image",
			"name": "touxiang_jpg"
		},
		{
			"url": "art/goods/train1Blue.png",
			"type": "image",
			"name": "train1Blue_png"
		},
		{
			"url": "art/goods/train1Yellow.png",
			"type": "image",
			"name": "train1Yellow_png"
		},
		{
			"url": "art/goods/train2Blue.png",
			"type": "image",
			"name": "train2Blue_png"
		},
		{
			"url": "art/goods/train2Red.png",
			"type": "image",
			"name": "train2Red_png"
		},
		{
			"url": "art/home/homeBg.jpg",
			"type": "image",
			"name": "homeBg_jpg"
		},
		{
			"url": "art/home/homeBg.png",
			"type": "image",
			"name": "homeBg_png"
		},
		{
			"url": "art/home/homeTrain1Img.jpg",
			"type": "image",
			"name": "homeTrain1Img_jpg"
		},
		{
			"url": "art/home/homeTrainImg.png",
			"type": "image",
			"name": "homeTrainImg_png"
		},
		{
			"url": "art/home/imgBrand.png",
			"type": "image",
			"name": "imgBrand_png"
		},
		{
			"url": "art/loading/iconChilun.png",
			"type": "image",
			"name": "iconChilun_png"
		},
		{
			"url": "art/loading/loading2.png",
			"type": "image",
			"name": "loading2_png"
		},
		{
			"url": "art/loading/loadingBg.png",
			"type": "image",
			"name": "loadingBg_png"
		},
		{
			"url": "art/loading/loadingBg2.jpg",
			"type": "image",
			"name": "loadingBg2_jpg"
		},
		{
			"url": "art/loading/loadingBg3.jpg",
			"type": "image",
			"name": "loadingBg3_jpg"
		},
		{
			"url": "art/loading/toast-bg.png",
			"type": "image",
			"name": "toast-bg_png"
		},
		{
			"url": "art/profile/blueBg.png",
			"type": "image",
			"name": "blueBg_png"
		},
		{
			"url": "art/profile/btnAbout.png",
			"type": "image",
			"name": "btnAbout_png"
		},
		{
			"url": "art/profile/btnFriends.png",
			"type": "image",
			"name": "btnFriends_png"
		},
		{
			"url": "art/profile/btnLock.png",
			"type": "image",
			"name": "btnLock_png"
		},
		{
			"url": "art/profile/btnMessage.png",
			"type": "image",
			"name": "btnMessage_png"
		},
		{
			"url": "art/profile/btnSign.png",
			"type": "image",
			"name": "btnSign_png"
		},
		{
			"url": "art/profile/btnStrategy.png",
			"type": "image",
			"name": "btnStrategy_png"
		},
		{
			"url": "art/profile/green2Bg.png",
			"type": "image",
			"name": "green2Bg_png"
		},
		{
			"url": "art/profile/greenBg.png",
			"type": "image",
			"name": "greenBg_png"
		},
		{
			"url": "art/profile/redBg.png",
			"type": "image",
			"name": "redBg_png"
		},
		{
			"url": "art/profile/yellowBg.png",
			"type": "image",
			"name": "yellowBg_png"
		},
		{
			"url": "art/profile/about-bg.png",
			"type": "image",
			"name": "about-bg_png"
		},
		{
			"url": "art/profile/apple.png",
			"type": "image",
			"name": "apple_png"
		},
		{
			"url": "art/profile/background.png",
			"type": "image",
			"name": "background_png"
		},
		{
			"url": "art/profile/banana.png",
			"type": "image",
			"name": "banana_png"
		},
		{
			"url": "art/profile/bubbleGreen.png",
			"type": "image",
			"name": "bubbleGreen_png"
		},
		{
			"url": "art/profile/iconChilun.png",
			"type": "image",
			"name": "iconChilun2_png"
		},
		{
			"url": "art/profile/return.png",
			"type": "image",
			"name": "return_png"
		},
		{
			"url": "art/profile/timg.jpg",
			"type": "image",
			"name": "timg_jpg"
		},
		{
			"url": "art/profile/yilaguan.png",
			"type": "image",
			"name": "yilaguan_png"
		},
		{
			"url": "art/profile/zhi.png",
			"type": "image",
			"name": "zhi_png"
		}
	]
}